,文化財指定,時代・所在,日本100名城,さくら名所,藩庁,歴史,別名,城の構造,天守
鹿児島城,城跡は鹿児島県史跡に指定されている,鹿児島城は、鹿児島県鹿児島市城山麓にあった日本の城である,,,,,"別名の由来は、屋形の形状が鶴が羽を広げたようであったことによる
鹿児島では、一般的に古くから別名の「鶴丸城」の名で呼ばれ、現地の案内図や看板などは「鶴丸城」表記でほぼ統一されており、「鹿児島城」での表記はほとんどない",,
千早城,国の史跡に指定されている,"千早城は、大阪府南河内郡千早赤阪村大字千早にある日本の城
鎌倉時代末期より南北朝時代に存在した楠木正成の城である ",,,,,楠木七城の一つ ,四方を絶壁に囲まれ要塞堅固を誇ったといわれる連郭式山城である,
松代城,国の史跡に指定されている,松代城は、長野県長野市松代町松代にある日本の城跡である,,,,,"また茅津城とも言われ茅の生い茂った地であったと伝える説もある
元々は海津城と呼ばれていたが貝津城とも言われた",形式は輪郭式平城,
松山城 (伊予国),現在は、城跡の主要部分が公園として整備され、大天守を含む21棟の現存建造物が国の重要文化財に、城郭遺構が国の史跡に指定されている,松山城は、愛媛県松山市にあった日本の城,,2009年のミシュラン観光版日本編では二つ星に選定された,,,"別名金亀城、勝山城
各地の松山城と区別するため『伊予松山城』と呼ばれることもあるが、これは極稀なケースであり特別な事情を除いて一般的に「松山城」と指した場合は本項を示す",,そのほか、昭和初期の1933年に大天守を残して焼失した、連立式天守群の小天守以下5棟をはじめとする22棟が木造で復元されている
高岡城,現在、城跡は高岡古城公園として整備され、市民の憩いの場となっており、国の史跡に指定されている,高岡城は、富山県高岡市古城にあった日本の城,日本100名城のひとつである,桜の名所としても有名で日本さくら名所100選に選定されている,,,,,
大坂城,「大坂城跡」として国の特別史跡に指定されている,"大坂城／大阪城は、安土桃山時代に摂津国東成郡生玉荘大坂に築かれ、江戸時代に修築された日本の城
現在の大阪府大阪市中央区大阪城に所在する ",,,,,"別称は錦城
金城とも表記）",,
二本松城,平成19年7月26日、二本松城跡として国の史跡に指定された,二本松城は、福島県二本松市郭内にある日本の城,日本100名城の一つ,「霞ヶ城公園」として日本さくら名所100選に選定されている,,,別名、霞ヶ城・白旗城と呼ばれる,,
二条城,"城内全体が国の史跡に指定されている他、二の丸御殿が国宝に、22棟の建造物と二の丸御殿の障壁画計1016面が重要文化財に、二の丸御殿庭園が特別名勝に指定されている
さらに1994年にはユネスコの世界遺産に「古都京都の文化財」として登録されている",二条城は、京都市中京区二条通堀川西入二条城町にある、江戸時代に造営された日本の城である,,,また、後の近代において二条城は京都府の府庁や皇室の離宮として使用された,京都市街の中にある平城で、後述する足利氏、織田氏、豊臣氏、徳川氏によるものがあるが、現在見られるものは徳川氏によるものである,,,
名護屋城,国の特別史跡に指定されている,名護屋城は、肥前国松浦郡名護屋にあった城,平成18年には日本100名城に選定された,,,豊臣秀吉の文禄・慶長の役に際し築かれた,,,
鳥取城,国の史跡に指定されている,鳥取城は、鳥取県鳥取市に築かれた戦国時代から江戸時代の日本の城,,,,"織田信長の中国攻めでは、家臣の羽柴秀吉が兵糧攻めを用いて攻略した
開城後、入城した宮部継潤によって山上ノ丸の改修が行われ、江戸時代には鳥取藩池田氏の治下に入り、麓の二の丸以下の曲輪が拡張された","別名、久松山城
戦国時代から江戸末期にかけての城郭形態の変化を伺うことができることから「城郭の博物館」の異名を持つ",,現在は天守台、石垣、堀、井戸などが残る
白河小峰城,国の史跡に指定されている,白河小峰城は、福島県白河市にあった日本の城,ほか、日本100名城のひとつに数えられる,,,,単に白河城または小峰城ともいう,,
松坂城,城跡は松坂城跡として国の史跡に指定されている,"松坂城は、日本の城
所在地は三重県松阪市殿町 ",,,,,現在は松阪城とも表記される,,
松山城 (備中国),"「備中松山城跡」として国の史跡に指定されている
城跡が国の史跡、江戸時代に建造された天守や二重櫓などが重要文化財に指定されている","松山城は岡山県高梁市内山下にあった日本の城である
標高430メートルの臥牛山山頂にあり、現存天守を持つ山城としては最も高い所にある",日本100名城,,,,"別名、高梁城
四国の愛媛県松山市にあった松山城を初め、各地の松山城との混同を避けるために、一般的には「備中松山城」と呼ぶ",,
高取城,国の史跡に指定されている,高取城は、奈良県高市郡高取町高取にあった日本の城である,,,江戸時代は高取藩の藩庁であった,,別名、高取山城,,
赤穂城,国の史跡に指定され、本丸庭園と二の丸庭園は名勝に指定されている,赤穂城は、兵庫県赤穂市にある日本の城,,,江戸時代は赤穂藩主の居城,,別名・加里屋城、大鷹城,,
岐阜城,"城跡は岐阜城跡として金華山と、その山塊の2，091，602．74平方メートルが国の史跡に指定されている
その範囲は、現在の国有林の範囲に符合する ",岐阜城は、岐阜県岐阜市の金華山にあった日本の城,,,,織田信長が、斎藤龍興から奪取した稲葉山城の縄張りを破却して、新たに造営したものが岐阜城である,,,
月山富田城,城郭跡は国の史跡に指定されている,"月山富田城は、島根県安来市広瀬町富田に所在した日本の城
月山に営まれる ",,,,戦国時代に山陰の覇者尼子氏が本拠を構え、170年間の尼子氏六代の盛衰の舞台となった,,,
川越城,,川越城は、埼玉県川越市にあった日本の城,関東七名城・日本100名城,,江戸時代には川越藩の藩庁が置かれた,,"別名、初雁城、霧隠城
通常、川越城の名称を表記する場合、中世については河越城、近世以降は川越城と表記されることが多い",,
佐賀城,,佐賀城は、佐賀県佐賀市にあった日本の城,,,江戸時代初頭に完成し、外様大名の佐賀藩鍋島氏の居城であった,,"古名は佐嘉城
別名、沈み城、亀甲城",,
丸岡城,,丸岡城は、福井県坂井市丸岡町霞にあった日本の城である,,,江戸時代には丸岡藩の藩庁であった,,別名霞ヶ城,,現在は天守のみ残る
